{"graph": {"_type": "graph-file", "sha256": "40fc7f215d9b10ff704c5b9410c7cbb2aa6c279c17215cfe07b5dab56f80c19d", "size": 2982, "path": "media/graph/graph_summary_40fc7f215d9b10ff704c.graph.json"}, "epoch": 49, "_timestamp": 1658291206, "_runtime": 2732, "loss": 0.014770222827792168, "accuracy": 0.9959490895271301, "val_loss": 0.05995047092437744, "val_accuracy": 0.9739583134651184, "_step": 49, "best_val_loss": 0.04603317007422447, "best_epoch": 24}